trial_id,filename,model,model_short,model_tier,provider,condition,task,trial_type,trial_number,session_date,temperature,first_tac_index,dialogue_turns_before_first_tac,asked_about_features,asked_about_location,asked_about_danny_location,precondition_coverage,hallucinated_features,hallucinated_location,premature_action,diagnostic_category,diagnostic_source_order,log_anchoring_type,hypotheses_count_grounded,hypotheses_count_log_derived,diagnostic_knowledge_ratio,log_data_misinterpretation,valid_causes,invalid_causes,diagnostic_validity,expresses_uncertainty_in_diagnosis,communication_milestone_count,appropriate_communication,fetch_request_turn,fetch_action_type,correct_action_selection,consequence_reasoning_evidence,compensation_attempted,action_loop_in_fetch,corrective_tac_count,cascade_pattern,cascade_severity,spatial_state_maintained,time_to_first_action,decision_points_traceable,decision_points_opaque,traceability_rate,hallucinated_commands,hallucinated_facts,valid_commands,invalid_commands,command_validity_rate,queried_fetch_procedure,fetch_procedure_followed,queried_diagnose_procedure,diagnose_procedure_followed,queried_resolve_procedure,resolve_procedure_followed,queried_search_procedure,search_procedure_followed,kb_queries_before_first_tac,total_kb_queries,queried_logs,searchlogs_before_diagnosis,total_log_queries,log_queries_before_first_tac,task_completed,termination_reason,action_loop_detected,total_tac_commands,total_sac_commands,total_commands,unique_tac_types_used,total_time_seconds,mean_response_time_ms,sd_response_time_ms,max_response_time_ms,prompts,input_tokens,output_tokens,total_tokens,coding_status,flagged,coding_notes,,,
claude-haiku-4-5-20251001_knowledge-equalized_maintenance_1,claude-haiku-4-5-20251001_knowledge-equalized_maintenance_1.json,claude-haiku-4-5-20251001,claude-haiku-4.5,,anthropic,knowledge-equalized,maintenance,standard,1,"2/25/2026, 6:40:32 PM",1,3,10,1,1,0,1,0,0,0,domain_grounded,domain_first,deprioritize_correct,5,3,0.625,,thermostat_failure,,1,0,5,1,7,SEARCH,1,,,,,,,,32,5,2,0.7142857142857143,0,0,4,0,1,1,1,1,1,0,,0,,2,2,1,0,1,1,1,success,0,4,3,7,SEARCH,PICKUP,WAYPOINT,DROPOBJECT,99,1640,1274,5487,45,417224,1710,418934,complete,0,
claude-haiku-4-5-20251001_knowledge-equalized_maintenance_2,claude-haiku-4-5-20251001_knowledge-equalized_maintenance_2.json,claude-haiku-4-5-20251001,claude-haiku-4.5,,anthropic,knowledge-equalized,maintenance,standard,2,"2/25/2026, 6:42:38 PM",1,3,10,1,1,0,1,0,0,0,domain_grounded,domain_first,correct_separation,5,3,0.625,,thermostat_failure,,1,1,5,1,7,SEARCH,1,,,,,,,,36,5,2,0.7142857142857143,0,0,4,0,1,1,1,1,1,0,,0,,2,2,1,0,1,1,1,success,0,4,3,7,SEARCH,PICKUP,WAYPOINT,DROPOBJECT,99,1594,1303,5232,49,452458,1694,454152,complete,0,
claude-haiku-4-5-20251001_knowledge-equalized_maintenance_3,claude-haiku-4-5-20251001_knowledge-equalized_maintenance_3.json,claude-haiku-4-5-20251001,claude-haiku-4.5,,anthropic,knowledge-equalized,maintenance,standard,3,"2/25/2026, 6:44:50 PM",1,3,10,1,1,0,1,0,0,0,domain_grounded,domain_first,correct_separation,5,4,0.5555555555555556,,thermostat_failure,,1,1,5,1,7,SEARCH,1,,,,,,,,46,4,3,0.5714285714285714,0,0,4,0,1,1,0,1,1,0,,0,,2,2,1,0,1,1,1,success,0,4,3,7,SEARCH,PICKUP,WAYPOINT,DROPOBJECT,120,1379,1137,5242,55,527992,1897,529889,complete,0,
claude-haiku-4-5-20251001_knowledge-equalized_maintenance_4,claude-haiku-4-5-20251001_knowledge-equalized_maintenance_4.json,claude-haiku-4-5-20251001,claude-haiku-4.5,,anthropic,knowledge-equalized,maintenance,standard,4,"2/25/2026, 6:47:23 PM",1,3,10,1,1,0,1,0,0,0,domain_grounded,domain_first,correct_separation,6,4,0.6,,thermostat_failure,,1,1,5,1,7,SEARCH,1,,,,,,,,39,5,2,0.7142857142857143,0,0,4,0,1,1,1,1,1,0,,0,,2,2,1,0,1,1,1,success,0,4,3,7,SEARCH,PICKUP,WAYPOINT,DROPOBJECT,103,1555,1556,7494,47,432106,1800,433906,complete,0,
claude-haiku-4-5-20251001_knowledge-equalized_maintenance_5,claude-haiku-4-5-20251001_knowledge-equalized_maintenance_5.json,claude-haiku-4-5-20251001,claude-haiku-4.5,,anthropic,knowledge-equalized,maintenance,standard,5,"2/25/2026, 6:49:33 PM",1,3,10,1,1,0,1,0,0,0,domain_grounded,domain_first,correct_separation,5,3,0.625,,thermostat_failure,,1,1,5,1,7,SEARCH,1,,,,,,,,36,5,2,0.7142857142857143,0,0,4,0,1,1,1,1,1,0,,0,,2,2,1,0,1,1,1,success,0,4,3,7,SEARCH,PICKUP,WAYPOINT,DROPOBJECT,100,1406,1154,5355,48,461225,1704,462929,complete,0,
claude-haiku-4-5-20251001_no-plans_maintenance_1,claude-haiku-4-5-20251001_no-plans_maintenance_1.json,claude-haiku-4-5-20251001,claude-haiku-4.5,,anthropic,no-plans,maintenance,standard,1,"2/25/2026, 3:50:56 PM",1,1,7,0,0,0,0,1,1,1,data_anchored,logs_first,paraphrase_only,0,3,0,,thermostat_failure,,1,0,3,1,6,WAYPOINT,0,,0,0,2,backtrack_circle,circling,,47,2,1,0.6666666666666666,2,0,2,-1,2,,,,,,,,,,,,,,,0,incomplete,0,1,1,2,WAYPOINT,SEARCH,80,1455,1369,6139,36,270213,1064,271277,complete,0,Stopped manually,,
claude-haiku-4-5-20251001_no-plans_maintenance_2,claude-haiku-4-5-20251001_no-plans_maintenance_2.json,claude-haiku-4-5-20251001,claude-haiku-4.5,,anthropic,no-plans,maintenance,standard,2,"2/25/2026, 6:35:16 PM",1,1,6,0,0,0,0,1,1,1,data_anchored,logs_first,paraphrase_only,0,4,0,,thermostat_failure,,1,0,2,0,6,WAYPOINT,0,,0,0,2,loop,circling,,21,2,1,0.6666666666666666,1,0,1,0,1,,,,,,,,,,,,,,,0,incomplete,0,1,1,2,WAYPOINT,45,1699,2338,8852,20,128982,845,129827,complete,0,Stopped manually,,,
claude-haiku-4-5-20251001_no-plans_maintenance_3,claude-haiku-4-5-20251001_no-plans_maintenance_3.json,claude-haiku-4-5-20251001,claude-haiku-4.5,,anthropic,no-plans,maintenance,standard,3,"2/25/2026, 6:36:43 PM",1,1,6,0,0,0,0,1,1,1,data_anchored,logs_first,paraphrase_only,,4,,,thermostat_failure,,1,0,2,0,6,WAYPOINT,0,,0,0,0,hallucinated_success,circling,,19,2,1,0.6666666666666666,1,0,1,0,1,,,,,,,,,,,,,,,0,incomplete,0,1,1,2,WAYPOINT,30,1798,1615,5368,15,86208,741,86949,complete,0,Stopped manually,,,
claude-haiku-4-5-20251001_no-plans_maintenance_4,claude-haiku-4-5-20251001_no-plans_maintenance_4.json,claude-haiku-4-5-20251001,claude-haiku-4.5,,anthropic,no-plans,maintenance,standard,4,"2/25/2026, 6:37:37 PM",1,1,6,0,0,0,0,1,1,1,data_anchored,logs_first,paraphrase_only,,4,,,thermostat_failure,,1,0,2,0,6,WAYPOINT,0,,1,0,2,hallucinated_success,circling,,18,2,1,0.6666666666666666,1,0,1,0,1,,,,,,,,,,,,,,,0,incomplete,0,1,1,2,WAYPOINT,28,1801,2150,7316,14,79825,746,80571,complete,0,Stopped manually,,,
claude-haiku-4-5-20251001_no-plans_maintenance_5,claude-haiku-4-5-20251001_no-plans_maintenance_5.json,claude-haiku-4-5-20251001,claude-haiku-4.5,,anthropic,no-plans,maintenance,standard,5,"2/25/2026, 6:39:35 PM",1,1,6,0,0,0,0,1,1,1,data_anchored,logs_first,paraphrase_only,1,4,0.2,,thermostat_failure,,1,0,2,0,6,WAYPOINT,0,,1,0,2,hallucinated_success,circling,,17,2,1,0.6666666666666666,1,0,1,0,1,,,,,,,,,,,,,,,0,incomplete,0,1,1,2,WAYPOINT,26,2000,1856,5943,11,66813,801,67614,complete,0,Stopped manually,,,
claude-opus-4-6_knowledge-equalized_maintenance_1,claude-opus-4-6_knowledge-equalized_maintenance_1.json,claude-opus-4-6,claude-opus-4.6,,anthropic,knowledge-equalized,maintenance,standard,1,"2/25/2026, 6:32:16 PM",1,3,9,1,1,0,1,0,0,0,data_anchored,logs_first,paraphrase_only,,4,,,thermostat_failure,,1,1,5,1,6,SEARCH,1,,,,,,,,41,5,2,0.7142857142857143,0,1,4,0,1,1,1,1,,0,,0,,2,2,1,1,1,1,1,success,0,4,3,7,SEARCH,PICKUP,WAYPOINT,DROPOBJECT,118,2900,2272,11305,43,415751,1690,417441,complete,0,
claude-opus-4-6_knowledge-equalized_maintenance_2,claude-opus-4-6_knowledge-equalized_maintenance_2.json,claude-opus-4-6,claude-opus-4.6,,anthropic,knowledge-equalized,maintenance,standard,2,"2/25/2026, 3:40:48 PM",1,3,9,1,1,0,1,0,0,0,data_anchored,logs_first,paraphrase_only,,4,,,thermostat_failure,,1,1,5,1,6,SEARCH,1,,,,,,,,55,5,2,0.7142857142857143,0,1,4,0,1,1,1,1,,0,,0,,2,2,1,1,1,1,1,success,0,4,3,7,SEARCH,PICKUP,WAYPOINT,DROPOBJECT,121,3441,2717,14483,39,337414,1652,339066,complete,0,
claude-opus-4-6_knowledge-equalized_maintenance_3,claude-opus-4-6_knowledge-equalized_maintenance_3.json,claude-opus-4-6,claude-opus-4.6,,anthropic,knowledge-equalized,maintenance,standard,3,"2/25/2026, 3:52:54 PM",1,3,10,1,1,0,1,0,0,0,data_anchored,logs_first,paraphrase_only,,4,,,thermostat_failure,,1,1,5,1,6,SEARCH,1,,,,,,,,67,5,2,0.7142857142857143,0,1,4,0,1,1,1,1,,0,,0,,2,2,1,1,1,1,1,success,0,4,3,7,SEARCH,PICKUP,WAYPOINT,DROPOBJECT,142,3386,2572,14411,41,373208,1679,374887,complete,0,
claude-opus-4-6_knowledge-equalized_maintenance_5,claude-opus-4-6_knowledge-equalized_maintenance_5.json,claude-opus-4-6,claude-opus-4.6,,anthropic,knowledge-equalized,maintenance,standard,5,"2/25/2026, 4:31:17 PM",1,3,9,1,0,0,0.5,0,1,1,data_anchored,logs_first,paraphrase_only,,4,,,thermostat_failure,,1,1,5,1,6,SEARCH,1,,,,,,,,65,4,3,0.5714285714285714,0,1,4,0,1,1,,1,,0,,0,,2,2,1,1,1,1,1,success,0,4,3,7,SEARCH,PICKUP,WAYPOINT,DROPOBJECT,141,3331,2552,13743,40,368054,1707,369761,complete,0,
claude-opus-4-6_knowledge-equalized_maintenance_7,claude-opus-4-6_knowledge-equalized_maintenance_4.json,claude-opus-4-6,claude-opus-4.6,,anthropic,knowledge-equalized,maintenance,standard,4,"2/25/2026, 2:47:20 PM",1,3,9,1,1,0,1,0,0,0,data_anchored,logs_first,paraphrase_only,,4,,,thermostat_failure,,1,1,5,1,6,SEARCH,1,,,,,,,,69,4,3,0.5714285714285714,0,1,0,0,,1,1,1,,0,0,0,,2,2,1,1,1,1,1,success,0,4,3,7,SEARCH,PICKUP,WAYPOINT,DROPOBJECT,151,3450,2533,14092,43,399793,1715,401508,complete,0,
claude-opus-4-6_no-plans_maintenance_1,claude-opus-4-6_no-plans_maintenance_1.json,claude-opus-4-6,claude-opus-4.6,,anthropic,no-plans,maintenance,standard,1,"2/25/2026, 3:43:58 PM",1,1,6,0,0,0,0,1,1,1,data_anchored,logs_first,correct_separation,,4,,,thermostat_failure,,1,1,5,1,6,SEARCH,1,,,,,,,,39,2,3,0.4,0,0,4,0,1,,,,,,,,,,,,,,,1,success,0,4,1,5,SEARCH,PICKUP,WAYPOINT,DROPOBJECT,115,3271,2616,12851,36,307470,1487,308957,complete,0,
claude-opus-4-6_no-plans_maintenance_2,claude-opus-4-6_no-plans_maintenance_2.json,claude-opus-4-6,claude-opus-4.6,,anthropic,no-plans,maintenance,standard,2,"2/25/2026, 5:03:35 PM",1,1,6,0,0,0,0,1,1,1,data_anchored,logs_first,correct_separation,1,3,0.25,,thermostat_failure,,1,1,5,1,6,SEARCH,1,,,,,,,,37,2,3,0.4,0,0,4,0,1,,,,,,,,,,,,,,,1,success,0,4,1,5,SEARCH,PICKUP,WAYPOINT,DROPOBJECT,109,3535,2874,13609,32,280583,1482,282065,complete,0,
claude-opus-4-6_no-plans_maintenance_3,claude-opus-4-6_no-plans_maintenance_3.json,claude-opus-4-6,claude-opus-4.6,,anthropic,no-plans,maintenance,standard,3,"2/25/2026, 5:06:52 PM",1,1,6,0,0,0,0,1,1,1,data_anchored,domain_first,correct_separation,,4,,,thermostat_failure,,1,1,3,1,6,WAYPOINT,0,,1,1,4,loop,circling,,40,1,5,0.16666666666666666,5,0,5,0,1,,,,,,,,,,,,,,,0,action_loop,0,5,1,6,WAYPOINT,STOP,PICKUP,GRIPPER,SEARCH,96,3537,3114,15810,31,239282,1413,240695,complete,0
claude-opus-4-6_no-plans_maintenance_4,claude-opus-4-6_no-plans_maintenance_4.json,claude-opus-4-6,claude-opus-4.6,,anthropic,no-plans,maintenance,standard,4,"2/25/2026, 5:09:44 PM",1,1,6,0,0,0,0,1,1,1,domain_grounded,logs_first,paraphrase_only,,4,,,thermostat_failure,,1,0,5,1,6,SEARCH,1,,,,,,,,36,3,4,0.42857142857142855,0,0,4,0,1,,,,,,,,,,,,,,,1,success,0,4,1,5,SEARCH,PICKUP,WAYPOINT,DROPOBJECT,106,3650,3085,14037,30,246630,1426,248056,complete,0,
claude-opus-4-6_no-plans_maintenance_5,claude-opus-4-6_no-plans_maintenance_5.json,claude-opus-4-6,claude-opus-4.6,,anthropic,no-plans,maintenance,standard,5,"2/25/2026, 5:13:30 PM",1,1,6,0,0,0,0,1,1,1,data_anchored,logs_first,paraphrase_only,,4,,,thermostat_failure,,1,1,3,1,6,WAYPOINT,0,,0,0,2,hallucinated_success,circling,,45,1,2,0.3333333333333333,2,0,2,0,1,,,,,,,,,,,,,,,0,incomplete,0,2,1,3,WAYPOINT,SEARCH,78,3152,2869,13806,29,205080,1095,206175,complete,0,,,
gemini-3-flash-preview_knowledge-equalized_maintenance_1,gemini-3-flash-preview_knowledge-equalized_maintenance_1.json,gemini-3-flash-preview,gemini-3-flash-preview,,google,knowledge-equalized,maintenance,standard,1,"2/25/2026, 7:27:33 PM",1,5,6,0,0,0,0,1,1,1,domain_grounded,domain_first,paraphrase_only,4,1,0.8,,thermostat_failure,,1,0,5,1,5,SEARCH,1,,,,,,,,25,2,9,0.18181818181818182,0,3,4,0,1,1,,1,1,0,,0,,2,2,1,0,3,3,1,success,0,4,5,9,SEARCH,PICKUP,WAYPOINT,DROPOBJECT,51,2368,1677,7133,27,146200,680,146880,complete,0,
gemini-3-flash-preview_knowledge-equalized_maintenance_2,gemini-3-flash-preview_knowledge-equalized_maintenance_2.json,gemini-3-flash-preview,gemini-3-flash-preview,,google,knowledge-equalized,maintenance,standard,2,"2/25/2026, 7:28:51 PM",1,6,7,0,0,0,0,1,1,1,domain_grounded,domain_first,correct_separation,3,1,0.75,,thermostat_failure,,1,1,5,1,5,SEARCH,1,,,,,,,,38,4,6,0.4,3,2,4,0,1,1,,1,1,0,,0,,2,2,1,0,4,4,1,success,0,4,6,10,SEARCH,PICKUP,WAYPOINT,DROPOBJECT,104,2109,1566,7784,46,378283,722,379005,complete,0,
gemini-3-flash-preview_knowledge-equalized_maintenance_3,gemini-3-flash-preview_knowledge-equalized_maintenance_3.json,gemini-3-flash-preview,gemini-3-flash-preview,,google,knowledge-equalized,maintenance,standard,3,"2/25/2026, 7:31:02 PM",1,3,5,0,0,0,0,1,1,1,domain_grounded,domain_first,correct_separation,3,1,0.75,,thermostat_failure,,1,1,5,1,5,SEARCH,1,,,,,,,,17,0,7,0,4,3,0,4,0,1,,1,1,0,,0,,2,2,1,0,1,1,1,success,0,4,3,7,SEARCH,PICKUP,WAYPOINT,DROPOBJECT,34,2171,1046,4294,18,81957,581,82538,complete,0,
gemini-3-flash-preview_knowledge-equalized_maintenance_4,gemini-3-flash-preview_knowledge-equalized_maintenance_4.json,gemini-3-flash-preview,gemini-3-flash-preview,,google,knowledge-equalized,maintenance,standard,4,"2/25/2026, 7:32:04 PM",1,5,6,0,0,0,0,1,1,1,domain_grounded,logs_first,paraphrase_only,3,1,0.75,,thermostat_failure,,1,1,5,1,5,SEARCH,1,,,,,,,,41,0,9,0,2,3,4,0,1,1,,0,,0,,0,,2,2,1,0,3,3,1,success,0,4,5,9,SEARCH,PICKUP,WAYPOINT,DROPOBJECT,49,5898,6014,19908,18,96062,715,96777,complete,0,
gemini-3-flash-preview_knowledge-equalized_maintenance_5,gemini-3-flash-preview_knowledge-equalized_maintenance_5.json,gemini-3-flash-preview,gemini-3-flash-preview,,google,knowledge-equalized,maintenance,standard,5,"2/25/2026, 7:33:39 PM",1,4,12,1,1,0,1,0,1,1,data_anchored,logs_first,paraphrase_only,0,4,0,,thermostat_failure,,1,1,5,1,6,SEARCH,1,,,,,,,,44,0,8,0,0,3,4,0,1,1,1,1,,0,,0,,2,2,1,1,2,2,1,success,0,4,4,8,SEARCH,PICKUP,WAYPOINT,DROPOBJECT,117,2497,1925,10997,43,398303,2675,400978,complete,0,
gemini-3-flash-preview_no-plans_maintenance_1,gemini-3-flash-preview_no-plans_maintenance_1.json,gemini-3-flash-preview,gemini-3-flash-preview,,google,no-plans,maintenance,standard,1,"2/25/2026, 8:01:28 PM",1,1,1,0,0,0,0,1,1,1,data_anchored,logs_first,unsupported_recurrence,0,2,0,1,thermostat_failure,,1,1,1,0,0,none,0,,0,1,1,loop,circling,,11,0,4,0,2,3,2,1,0.6666666666666666,,,,,,,,,,,,,,,0,incomplete,1,3,1,4,WAYPOINT,SEARCH,STOP,58,1992,2195,9802,25,150762,239,151001,complete,0,,
gemini-3-flash-preview_no-plans_maintenance_2,gemini-3-flash-preview_no-plans_maintenance_2.json,gemini-3-flash-preview,gemini-3-flash-preview,,google,no-plans,maintenance,standard,2,"2/25/2026, 7:36:17 PM",1,1,6,0,0,0,0,1,1,1,data_anchored,logs_first,paraphrase_only,0,2,0,,thermostat_failure,,1,1,4,1,6,SEARCH,1,,,,,,,,47,0,5,0,0,2,4,0,1,,,,,,,,,,,,,,,1,success,0,4,1,5,SEARCH,PICKUP,WAYPOINT,DROPOBJECT,122,2657,2683,12788,37,281893,1019,282912,complete,0,
gemini-3-flash-preview_no-plans_maintenance_3,gemini-3-flash-preview_no-plans_maintenance_3.json,gemini-3-flash-preview,gemini-3-flash-preview,,google,no-plans,maintenance,standard,3,"2/25/2026, 7:39:11 PM",1,1,5,0,0,0,0,1,1,1,data_anchored,logs_first,paraphrase_only,,1,,,thermostat_failure,,1,0,5,1,5,SEARCH,1,,,,,,,,35,0,5,0,0,0,4,0,1,,,,,,,,,,,,,,,1,success,0,4,1,5,SEARCH,PICKUP,WAYPOINT,DROPOBJECT,102,3015,4708,23045,38,259073,593,259666,complete,0,
gemini-3-flash-preview_no-plans_maintenance_4,gemini-3-flash-preview_no-plans_maintenance_4.json,gemini-3-flash-preview,gemini-3-flash-preview,,google,no-plans,maintenance,standard,4,"2/25/2026, 7:41:23 PM",1,1,5,0,0,0,0,1,1,1,data_anchored,logs_first,paraphrase_only,0,2,0,,thermostat_failure,,1,1,5,1,5,SEARCH,1,,,,,,,,22,,,,0,2,4,0,1,,,,,,,,,,,,,,,1,success,0,4,1,5,SEARCH,PICKUP,WAYPOINT,DROPOBJECT,91,2139,1287,5486,33,236245,1087,237332,complete,0,
gemini-3-flash-preview_no-plans_maintenance_5,gemini-3-flash-preview_no-plans_maintenance_5.json,gemini-3-flash-preview,gemini-3-flash-preview,,google,no-plans,maintenance,standard,5,"2/25/2026, 7:43:22 PM",1,1,5,0,0,0,0,1,1,1,data_anchored,logs_first,paraphrase_only,,2,,,thermostat_failure,,1,1,5,1,5,SEARCH,1,,,,,,,,17,0,5,0,0,1,4,0,1,,,,,,,,,,,,,,,1,success,0,4,1,5,SEARCH,PICKUP,WAYPOINT,DROPOBJECT,89,1886,1308,5640,37,269344,553,269897,complete,0,
gemini-3-pro-preview_knowledge-equalized_maintenance_1,gemini-3-pro-preview_knowledge-equalized_maintenance_1.json,gemini-3-pro-preview,gemini-3-pro-preview,,google,knowledge-equalized,maintenance,standard,1,"2/25/2026, 2:34:33 PM",1,4,6,0,0,0,0,1,1,1,domain_grounded,domain_first,paraphrase_only,4,,,1,neither,,,1,3,1,5,SEARCH,1,,,,,,,,94,1,5,0.16666666666666666,2,3,0,1,0,1,,1,1,0,,0,,2,2,1,0,2,2,0,incomplete,0,1,4,5,SEARCH,100,5123,5802,24705,29,145857,348,146205,complete,0,,,,
gemini-3-pro-preview_knowledge-equalized_maintenance_2,gemini-3-pro-preview_knowledge-equalized_maintenance_2.json,gemini-3-pro-preview,gemini-3-pro-preview,,google,knowledge-equalized,maintenance,standard,2,"2/25/2026, 3:31:12 PM",1,3,5,0,0,0,0,1,1,1,domain_grounded,domain_first,paraphrase_only,3,1,0.75,,thermostat_failure,,1,1,5,1,5,SEARCH,1,,,,,,,,57,0,7,0,1,3,4,0,1,1,,1,1,0,,0,,2,2,1,0,1,1,1,success,0,4,3,7,SEARCH,PICKUP,WAYPOINT,DROPOBJECT,143,5155,3557,16574,31,195678,385,196063,complete,0,
gemini-3-pro-preview_knowledge-equalized_maintenance_3,gemini-3-pro-preview_knowledge-equalized_maintenance_3.json,gemini-3-pro-preview,gemini-3-pro-preview,,google,knowledge-equalized,maintenance,standard,3,"2/25/2026, 3:20:20 PM",1,-1,8,0,0,0,0,1,1,1,domain_grounded,logs_first,paraphrase_only,2,1,0.6666666666666666,,thermostat_failure,,1,1,2,0,6,none,0,,0,0,0,stall,task_abandoned,,,0,0,0,0,5,0,0,,0,,0,,0,,0,,0,0,0,,0,0,0,incomplete,0,0,0,0,,175,,,,38,203923,364,204287,complete,0,,,,
gemini-3-pro-preview_knowledge-equalized_maintenance_4,gemini-3-pro-preview_knowledge-equalized_maintenance_4.json,gemini-3-pro-preview,gemini-3-pro-preview,,google,knowledge-equalized,maintenance,standard,4,"2/25/2026, 6:20:00 PM",1,3,5,0,0,0,0,1,1,1,domain_grounded,domain_first,paraphrase_only,1,3,0.25,,thermostat_failure,,1,1,5,1,5,SEARCH,1,,,,,,,,93,0,7,0,0,2,4,0,1,1,,1,1,0,,0,,2,2,1,0,1,1,1,success,0,4,3,7,SEARCH,PICKUP,WAYPOINT,DROPOBJECT,167,6163,7494,31367,35,197905,356,198261,complete,0,
gemini-3-pro-preview_knowledge-equalized_maintenance_5,gemini-3-pro-preview_knowledge-equalized_maintenance_5.json,gemini-3-pro-preview,gemini-3-pro-preview,,google,knowledge-equalized,maintenance,standard,5,"2/25/2026, 6:24:33 PM",1,3,5,0,0,0,0,1,1,1,domain_grounded,domain_first,paraphrase_only,3,1,0.75,,thermostat_failure,,1,1,5,1,5,SEARCH,1,,,,,,,,38,0,7,0,0,2,4,0,1,1,,1,1,0,,0,,2,2,1,0,1,1,1,success,0,4,3,7,SEARCH,PICKUP,WAYPOINT,DROPOBJECT,118,5096,3979,15631,30,175355,455,175810,complete,0,
gemini-3-pro-preview_no-plans_maintenance_1,gemini-3-pro-preview_no-plans_maintenance_1.json,gemini-3-pro-preview,gemini-3-pro-preview,,google,no-plans,maintenance,standard,1,"2/25/2026, 6:05:46 PM",1,1,5,0,0,0,0,1,1,1,data_anchored,logs_first,unsupported_recurrence,0,1,0,,thermostat_failure,,1,0,5,1,5,SEARCH,1,,,,,,,,55,3,2,0.6,0,2,4,0,1,,,,,,,,,,,,,,,1,success,0,4,1,5,SEARCH,PICKUP,WAYPOINT,DROPOBJECT,140,6111,6500,28123,25,159080,333,159413,complete,0,
gemini-3-pro-preview_no-plans_maintenance_2,gemini-3-pro-preview_no-plans_maintenance_2.json,gemini-3-pro-preview,gemini-3-pro-preview,,google,no-plans,maintenance,standard,2,"2/25/2026, 6:10:16 PM",1,1,5,0,0,0,0,1,1,1,data_anchored,logs_first,paraphrase_only,0,1,0,,thermostat_failure,,1,0,1,0,5,WAYPOINT,0,,0,0,1,loop,task_abandoned,,38,0,2,0,0,2,1,0,1,,,,,,,,,,,,,,,0,incomplete,0,1,1,2,WAYPOINT,38,8080,6339,16215,5,19961,135,20096,complete,0,,,,
gemini-3-pro-preview_no-plans_maintenance_3,gemini-3-pro-preview_no-plans_maintenance_3.json,gemini-3-pro-preview,gemini-3-pro-preview,,google,no-plans,maintenance,standard,3,"2/25/2026, 6:12:14 PM",1,1,5,0,0,0,0,1,1,1,data_anchored,logs_first,paraphrase_only,0,1,0,,thermostat_failure,,1,0,2,0,5,WAYPOINT,0,,1,0,2,loop,task_abandoned,,34,0,2,0,0,2,1,1,0.5,,,,,,,,,,,,,,,0,incomplete,0,2,1,3,WAYPOINT,STOP,66,4648,4580,15712,17,74483,190,74673,complete,0,,,
gemini-3-pro-preview_no-plans_maintenance_4,gemini-3-pro-preview_no-plans_maintenance_4.json,gemini-3-pro-preview,gemini-3-pro-preview,,google,no-plans,maintenance,standard,4,"2/25/2026, 6:14:13 PM",1,1,5,0,0,0,0,1,1,1,data_anchored,logs_first,correct_separation,0,1,0,,thermostat_failure,,1,0,5,1,5,SEARCH,1,,,,,,,,48,0,5,0,0,0,4,0,1,,,,,,,,,,,,,,,1,success,0,4,1,5,SEARCH,PICKUP,WAYPOINT,DROPOBJECT,124,5522,4433,18657,26,180268,353,180621,complete,0,
gemini-3-pro-preview_no-plans_maintenance_5,gemini-3-pro-preview_no-plans_maintenance_5.json,gemini-3-pro-preview,gemini-3-pro-preview,,google,no-plans,maintenance,standard,5,"2/25/2026, 6:17:13 PM",1,1,5,0,0,0,0,1,1,1,data_anchored,logs_first,correct_separation,0,1,0,,thermostat_failure,,1,0,5,1,5,SEARCH,1,,,,,,,,35,0,5,0,0,2,4,0,1,,,,,,,,,,,,,,,1,success,0,4,1,5,SEARCH,PICKUP,WAYPOINT,DROPOBJECT,122,4430,2109,10770,27,167320,337,167657,complete,0,
gpt-5-mini_knowledge-equalized_maintenance_1,gpt-5-mini_knowledge-equalized_maintenance_1.json,gpt-5-mini,gpt-5-mini,,openai,knowledge-equalized,maintenance,standard,1,"2/25/2026, 6:53:56 PM",1,2,5,0,0,0,0,1,1,1,domain_grounded,domain_first,correct_separation,4,2,0.6666666666666666,,thermostat_failure,,1,1,5,1,5,SEARCH,1,,,,,,,,74,4,5,0.4444444444444444,0,3,9,0,1,0,,1,1,0,,0,,1,1,1,0,1,1,1,success,0,9,2,11,SEARCH,PICKUP,WAYPOINT,DROPOBJECT,201,6686,5787,22437,38,286917,9878,296795,complete,0,
gpt-5-mini_knowledge-equalized_maintenance_2,gpt-5-mini_knowledge-equalized_maintenance_2.json,gpt-5-mini,gpt-5-mini,,openai,knowledge-equalized,maintenance,standard,2,"2/25/2026, 6:59:15 PM",1,2,2,0,0,0,0,1,1,1,domain_grounded,domain_first,correct_separation,11,2,0.8461538461538461,,thermostat_failure,,1,1,4,1,5,SEARCH,1,,,,,,,,-86331,2,9,0.18181818181818182,0,2,9,0,1,0,,0,,0,,0,,1,1,1,1,1,1,0,action_loop,1,9,2,11,SEARCH,PICKUP,STOP,86390,10094,10705,44047,31,242603,10742,253345,complete,0,,
gpt-5-mini_knowledge-equalized_maintenance_3,gpt-5-mini_knowledge-equalized_maintenance_3.json,gpt-5-mini,gpt-5-mini,,openai,knowledge-equalized,maintenance,standard,3,"2/25/2026, 7:03:31 PM",1,2,5,0,1,0,0.5,1,1,1,domain_grounded,logs_first,correct_separation,8,4,0.6666666666666666,,thermostat_failure,,1,1,5,1,5,SEARCH,1,,,,,,,,150,4,7,0.36363636363636365,0,2,9,0,1,0,,1,1,0,,0,,1,1,1,0,1,1,1,success,0,9,2,11,SEARCH,PICKUP,WAYPOINT,DROPOBJECT,269,9410,10607,40179,32,278026,9338,287364,complete,0,
gpt-5-mini_knowledge-equalized_maintenance_4,gpt-5-mini_knowledge-equalized_maintenance_4.json,gpt-5-mini,gpt-5-mini,,openai,knowledge-equalized,maintenance,standard,4,"2/25/2026, 7:08:40 PM",1,2,7,0,1,0,0.5,1,1,1,domain_grounded,domain_first,paraphrase_only,6,1,0.8571428571428571,,thermostat_failure,,1,1,4,1,5,SEARCH,1,,,,,,,,123,2,4,0.3333333333333333,2,2,4,0,1,0,,1,1,0,,0,,1,1,1,0,1,1,0,incomplete,1,4,2,6,SEARCH,PICKUP,STOP,221,9997,9710,37045,29,212294,10914,223208,complete,0,,
gpt-5-mini_knowledge-equalized_maintenance_5,gpt-5-mini_knowledge-equalized_maintenance_5.json,gpt-5-mini,gpt-5-mini,,openai,knowledge-equalized,maintenance,standard,5,"2/25/2026, 7:13:03 PM",1,2,5,0,0,0,0,1,1,1,domain_grounded,domain_first,paraphrase_only,6,1,0.8571428571428571,,thermostat_failure,,1,1,5,1,5,SEARCH,1,,,,,,,,89,3,9,0.25,0,2,10,0,1,0,,0,,0,,0,,1,1,1,0,1,1,1,success,0,10,2,12,SEARCH,PICKUP,WAYPOINT,DROPOBJECT,233,6224,6170,28705,43,307155,9541,316696,complete,0,
gpt-5-mini_no-plans_maintenance_1,gpt-5-mini_no-plans_maintenance_1.json,gpt-5-mini,gpt-5-mini,,openai,no-plans,maintenance,standard,1,"2/25/2026, 7:19:33 PM",1,1,5,0,1,0,0.5,1,1,1,data_anchored,logs_first,paraphrase_only,0,4,0,,thermostat_failure,,1,1,4,1,5,SEARCH,1,,,,,,,,75,0,3,0,1,3,2,0,1,,,,,,,,,,,,,,,0,action_loop,1,2,1,3,SEARCH,PICKUP,144,7427,7971,34134,22,132607,7301,139908,complete,0,,,
gpt-5-mini_no-plans_maintenance_2,gpt-5-mini_no-plans_maintenance_2.json,gpt-5-mini,gpt-5-mini,,openai,no-plans,maintenance,standard,2,"2/25/2026, 7:22:32 PM",1,1,11,0,0,0,0,1,1,1,data_anchored,logs_first,paraphrase_only,0,5,0,,thermostat_failure,,1,1,4,1,5,SEARCH,1,,,,,,,,140,0,19,0,17,4,1,17,0.055555556,,,,,,,,,,,,,,,0,action_loop,1,18,1,19,SEARCH,PICKUP,247,7848,7742,33613,57,411809,12447,424256,complete,0,,,
gpt-5-mini_no-plans_maintenance_3,gpt-5-mini_no-plans_maintenance_3.json,gpt-5-mini,gpt-5-mini,,openai,no-plans,maintenance,standard,3,"2/25/2026, 7:45:35 PM",1,1,14,0,1,0,0.5,1,1,1,hallucinated,neither,paraphrase_only,0,1,0,,neither,,,0,4,1,7,SEARCH,1,,,,,,,,184,0,4,0,1,4,3,0,1,,,,,,,,,,,,,,,0,incomplete,0,3,1,4,SEARCH,PICKUP,266,6661,6788,34776,42,251040,14246,265286,complete,0,,,
gpt-5-mini_no-plans_maintenance_4,gpt-5-mini_no-plans_maintenance_4.json,gpt-5-mini,gpt-5-mini,,openai,no-plans,maintenance,standard,4,"2/25/2026, 7:53:03 PM",1,1,7,0,1,1,0.5,1,1,1,hallucinated,domain_first,correct_separation,0,1,0,,thermostat_failure,,1,0,5,1,7,SEARCH,1,,,,,,,,111,0,7,0,2,3,0,0,,,,,,,,,,,,,,,,1,action_loop,1,6,1,7,SEARCH,PICKUP,WAYPOINT,DROPOBJECT,239,5610,5647,27285,46,315358,11908,327266,complete,0,
gpt-5-mini_no-plans_maintenance_5,gpt-5-mini_no-plans_maintenance_5.json,gpt-5-mini,gpt-5-mini,,openai,no-plans,maintenance,standard,5,"2/25/2026, 7:57:35 PM",1,1,6,0,0,0,0,1,1,1,hallucinated,neither,correct_separation,0,1,0,,thermostat_failure,,1,1,5,1,6,SEARCH,1,,,,,,,,64,0,6,0,0,3,4,1,0.8,,,,,,,,,,,,,,,1,success,0,5,1,6,SEARCH,PICKUP,WAYPOINT,DROPOBJECT,186,6614,6190,23987,33,253733,8634,262367,complete,0,
gpt-5.2-2025-12-11_knowledge-equalized_maintenance_1,gpt-5.2-2025-12-11_knowledge-equalized_maintenance_1.json,gpt-5.2-2025-12-11,gpt-5.2-2025.12-11,,openai,knowledge-equalized,maintenance,standard,1,"2/25/2026, 5:46:01 PM",1,3,7,1,1,0,1,0,0,0,domain_grounded,domain_first,paraphrase_only,5,1,0.8333333333333334,,thermostat_failure,,1,1,5,1,5,SEARCH,1,,,,,,,,40,4,2,0.6666666666666666,0,1,4,0,1,1,0,1,1,0,,0,,2,2,1,0,1,1,1,success,0,4,3,7,SEARCH,PICKUP,WAYPOINT,DROPOBJECT,114,1622,1200,5777,55,515480,1015,516495,complete,0,Did not follow the plan
gpt-5.2-2025-12-11_knowledge-equalized_maintenance_2,gpt-5.2-2025-12-11_knowledge-equalized_maintenance_2.json,gpt-5.2-2025-12-11,gpt-5.2-2025.12-11,,openai,knowledge-equalized,maintenance,standard,2,"2/25/2026, 5:49:07 PM",1,3,7,1,1,1,1,0,0,0,domain_grounded,domain_first,paraphrase_only,4,1,0.8,,thermostat_failure,,1,1,5,1,5,SEARCH,1,,,,,,,,28,4,3,0.5714285714285714,0,0,4,0,1,1,0,1,1,0,,0,,2,2,1,0,1,1,1,success,0,4,3,7,SEARCH,PICKUP,WAYPOINT,DROPOBJECT,100,1608,1138,5684,46,412485,884,413369,complete,0,
gpt-5.2-2025-12-11_knowledge-equalized_maintenance_3,gpt-5.2-2025-12-11_knowledge-equalized_maintenance_3.json,gpt-5.2-2025-12-11,gpt-5.2-2025.12-11,,openai,knowledge-equalized,maintenance,standard,3,"2/25/2026, 5:51:14 PM",1,2,5,0,0,0,0,1,1,1,domain_grounded,domain_first,paraphrase_only,4,1,0.8,,thermostat_failure,,1,1,4,1,5,none,0,,1,0,2,loop,circling,,23,2,6,0.25,2,2,6,0,1,0,,1,1,0,,0,,1,1,1,0,1,1,0,action_loop,0,6,2,8,SEARCH,PICKUP,STOP,GRIPPER,108,1569,1374,7626,49,506331,887,507218,complete,0,
gpt-5.2-2025-12-11_knowledge-equalized_maintenance_4,gpt-5.2-2025-12-11_knowledge-equalized_maintenance_4.json,gpt-5.2-2025-12-11,gpt-5.2-2025.12-11,,openai,knowledge-equalized,maintenance,standard,4,"2/25/2026, 5:55:15 PM",1,3,7,0,0,1,0,1,1,1,domain_grounded,domain_first,paraphrase_only,4,1,0.8,,thermostat_failure,,1,1,5,1,5,SEARCH,1,,,,,,,,40,4,3,0.5714285714285714,0,0,4,0,1,1,1,1,1,0,,0,,2,2,1,0,1,1,1,success,0,4,3,7,SEARCH,PICKUP,WAYPOINT,DROPOBJECT,133,1463,1007,7090,83,1213500,1260,1214760,complete,0,
gpt-5.2-2025-12-11_knowledge-equalized_maintenance_5,gpt-5.2-2025-12-11_knowledge-equalized_maintenance_5.json,gpt-5.2-2025-12-11,gpt-5.2-2025.12-11,,openai,knowledge-equalized,maintenance,standard,5,"2/25/2026, 6:00:26 PM",1,2,5,0,0,0,0,1,1,1,domain_grounded,domain_first,paraphrase_only,6,1,0.8571428571428571,,thermostat_failure,,1,1,5,1,5,SEARCH,1,,,,,,,,32,3,3,0.5,0,1,4,0,1,0,,1,1,0,,0,,1,1,1,0,1,1,1,success,0,4,2,6,SEARCH,PICKUP,WAYPOINT,DROPOBJECT,117,1724,1908,11363,59,580036,1100,581136,complete,0,
gpt-5.2-2025-12-11_no-plans_maintenance_1,gpt-5.2-2025-12-11_no-plans_maintenance_1.json,gpt-5.2-2025-12-11,gpt-5.2-2025.12-11,,openai,no-plans,maintenance,standard,1,"2/25/2026, 5:21:49 PM",1,1,7,0,0,0,0,1,1,1,data_anchored,logs_first,paraphrase_only,0,1,0,,thermostat_failure,,1,1,5,1,7,SEARCH,1,,,,,,,,53,4,1,0.8,0,1,4,0,1,,,,,,,,,,,,,,,1,success,0,4,1,5,SEARCH,PICKUP,WAYPOINT,DROPOBJECT,137,2152,4040,28895,50,489452,895,490347,complete,0,
gpt-5.2-2025-12-11_no-plans_maintenance_2,gpt-5.2-2025-12-11_no-plans_maintenance_2.json,gpt-5.2-2025-12-11,gpt-5.2-2025.12-11,,openai,no-plans,maintenance,standard,2,"2/25/2026, 5:33:12 PM",1,1,5,0,0,0,0,1,1,1,data_anchored,logs_first,paraphrase_only,0,1,0,,thermostat_failure,,1,0,3,1,5,WAYPOINT,0,,1,0,3,loop,safety_stop,,24,1,3,0.25,0,2,3,0,1,,,,,,,,,,,,,,,0,incomplete,0,3,1,4,WAYPOINT,SEARCH,STOP,63,1463,1228,4940,30,184937,572,185509,complete,0,,
gpt-5.2-2025-12-11_no-plans_maintenance_3,gpt-5.2-2025-12-11_no-plans_maintenance_3.json,gpt-5.2-2025-12-11,gpt-5.2-2025.12-11,,openai,no-plans,maintenance,standard,3,"2/25/2026, 5:34:53 PM",1,1,5,0,0,0,0,1,1,1,data_anchored,logs_first,correct_separation,0,3,0,,thermostat_failure,,1,1,5,1,5,SEARCH,1,,,,,,,,23,4,1,0.8,0,1,0,0,,,,,,,,,,,,,,,,1,success,0,4,1,5,SEARCH,PICKUP,WAYPOINT,DROPOBJECT,95,1326,991,5992,50,467848,816,468664,complete,0,
gpt-5.2-2025-12-11_no-plans_maintenance_4,gpt-5.2-2025-12-11_no-plans_maintenance_4.json,gpt-5.2-2025-12-11,gpt-5.2-2025.12-11,,openai,no-plans,maintenance,standard,4,"2/25/2026, 5:42:16 PM",1,1,5,0,0,0,0,1,1,1,data_anchored,logs_first,correct_separation,0,3,0,,thermostat_failure,,1,0,2,0,5,WAYPOINT,0,,1,0,2,stall,task_abandoned,,24,1,2,0.3333333333333333,0,1,2,0,1,,,,,,,,,,,,,,,0,incomplete,0,2,1,3,WAYPOINT,STOP,60,1802,2075,10213,26,161867,549,162416,complete,0,,,
gpt-5.2-2025-12-11_no-plans_maintenance_5,gpt-5.2-2025-12-11_no-plans_maintenance_5.json,gpt-5.2-2025-12-11,gpt-5.2-2025.12-11,,openai,no-plans,maintenance,standard,5,"2/25/2026, 5:43:46 PM",1,1,6,0,0,0,0,1,1,1,data_anchored,logs_first,correct_separation,0,3,0,,thermostat_failure,,1,0,2,0,6,WAYPOINT,0,,1,0,2,stall,task_abandoned,,28,0,3,0,0,3,2,0,1,,,,,,,,,,,,,,,0,incomplete,0,2,1,3,WAYPOINT,STOP,63,1487,1446,7037,36,192391,725,193116,complete,0,,,
